{
    "DNDConfig": null,
    "_height_": {
        "type": "string",
        "value": "40dp"
    },
    "_margin_": [
        0,
        0,
        0,
        0
    ],
    "_orientation_": 6,
    "_padding_": [
        0,
        0,
        0,
        0
    ],
    "_percent_": true,
    "_width_": {
        "type": "string",
        "value": "100%"
    },
    "allboxes": [],
    "canUpdateUI": true,
    "children": [],
    "clipbounds": false,
    "containerId": true,
    "containerweight": 100,
    "enablescrolling": true,
    "id": "FBox0fd1fa2cc759647",
    "info": null,
    "isGeneratedTemplate": true,
    "isTemplate": true,
    "iscustomlayout": false,
    "isvisible": true,
    "kuid": "b3483a42a5ab4e469063b3eebd465bc3",
    "layouttype": 2,
    "name": "kony.ui.FlexContainer",
    "pf": "FBox0fd1fa2cc759647",
    "retaincontentalignment": false,
    "retainflexpositionproperties": false,
    "snapgridsize": 10,
    "snaptogrid": true,
    "wType": "FlexContainer",
    "widgetalignment": 1
}