{
    "AS_Form_bd19de4e02ad455b945dfc6b432408d0": {
        "id": "AS_Form_bd19de4e02ad455b945dfc6b432408d0",
        "type": "ACTION_SEQUENCE",
        "name": "frmScroll_Init",
        "params": [{
            "datatype": "collection",
            "name": "eventobject"
        }],
        "contextObj": {
            "name": "frmSegScroll",
            "type": "forms",
            "platform": null,
            "KUID": "jfd5244db61c47839b6931d863a6b818"
        },
        "language": "js",
        "actions": [{
            "id": "INVOKE_FUNCTION___hd1e1ca58e1e4a2fb365d425b38b839d",
            "type": "INVOKE_FUNCTION",
            "sequenceKUID": "formInit",
            "display": "formInit",
            "inputparams": [],
            "parentId": null,
            "callbackType": null,
            "disabled": null,
            "source": "module"
        }]
    }
}