{
    "appidkey": "SampleSegScroll",
    "mwaddrkey": "",
    "isNewAppWithRespectToAndroidPackageName": "",
    "apppackagekey": "",
    "appaddrkey": "",
    "appnamekey": "SampleSegScroll",
    "currentgaversion": "8.1.17",
    "appversionkey": "1.0.0",
    "project.type": "js",
    "startupformkey": "jfd5244db61c47839b6931d863a6b818",
    "enableCustomData": false,
    "vendornamekey": "KonyLabs",
    "createdgaversion": "8.1.17",
    "konyVizVersion": "8.1.17",
    "isDpScaleFactor": true,
    "isMVC": false,
    "referenceWidth": "375",
    "winmobileguidkey": "",
    "APPLICATION_THEME": "default",
    "build": "debug",
    "mastersProperties": {
        "mastersVersion": "2.0.0"
    },
    "project_version": "sprint30",
    "mwportkey": "",
    "category": "app",
    "createdVizVersion": "8.1.17",
    "mwhttpsportkey": "",
    "defaulttheme": "defaultTheme",
    "nativeContainerProperties": {
        "isModified": false,
        "isEnableJSContainer": false,
        "isEnableJSContainerAndroid": false,
        "isEnableJSContaineriOS": false
    },
    "appmenu": {
        "tablet": {
            "data": [
                {
                    "id": "appmenuitemid1",
                    "title": "Item 1",
                    "icon": {
                        "default": "option1.png"
                    },
                    "android": {
                        "showAsFlag": 0
                    },
                    "kuid": "h929123f0f4c404a87568b51c23a8068",
                    "windows8": {
                        "position": "BOTTOM_LEFT",
                        "appBarButtonStyle": "No Style"
                    }
                },
                {
                    "id": "appmenuitemid2",
                    "title": "Item 2",
                    "icon": {
                        "default": "option2.png"
                    },
                    "android": {
                        "showAsFlag": 0
                    },
                    "kuid": "f7077a483efe4c03b4b48e071be45250",
                    "windows8": {
                        "position": "BOTTOM_LEFT",
                        "appBarButtonStyle": "No Style"
                    }
                },
                {
                    "id": "appmenuitemid3",
                    "title": "Item 3",
                    "icon": {
                        "default": "option3.png"
                    },
                    "android": {
                        "showAsFlag": 0
                    },
                    "kuid": "a25aaf9d985b4e3c9d90ebb0d2f355f5",
                    "windows8": {
                        "position": "BOTTOM_LEFT",
                        "appBarButtonStyle": "No Style"
                    }
                },
                {
                    "id": "appmenuitemid4",
                    "title": "Item 4",
                    "icon": {
                        "default": "option4.png"
                    },
                    "android": {
                        "showAsFlag": 0
                    },
                    "kuid": "gc92c159ce48414f81ede09c29f7583e",
                    "windows8": {
                        "position": "BOTTOM_LEFT",
                        "appBarButtonStyle": "No Style"
                    }
                }
            ]
        },
        "desktop": {
            "data": [
                {
                    "id": "appmenuitemid1",
                    "title": "Item 1",
                    "icon": {
                        "default": "option1.png"
                    },
                    "kuid": "jb142e46792c4a16877bfb08051f1805"
                },
                {
                    "id": "appmenuitemid2",
                    "title": "Item 2",
                    "icon": {
                        "default": "option2.png"
                    },
                    "kuid": "dd9fedf70f7649a0b8602d95bc674b7a"
                },
                {
                    "id": "appmenuitemid3",
                    "title": "Item 3",
                    "icon": {
                        "default": "option3.png"
                    },
                    "kuid": "hc99ac25adc94cc68457cb1686908545"
                },
                {
                    "id": "appmenuitemid4",
                    "title": "Item 4",
                    "icon": {
                        "default": "option4.png"
                    },
                    "kuid": "c92c206bd3404c24a369edc991c0bde9"
                }
            ]
        },
        "wType": "Appmenu",
        "mobile": {
            "data": [
                {
                    "id": "appmenuitemid1",
                    "title": "Item 1",
                    "icon": {
                        "default": "option1.png"
                    },
                    "kuid": "d62d38ed81db43c2b30d9d08e7da92ed",
                    "android": {
                        "showAsFlag": 0
                    }
                },
                {
                    "id": "appmenuitemid2",
                    "title": "Item 2",
                    "icon": {
                        "default": "option2.png"
                    },
                    "kuid": "a99325b56b7f4a2aa01af014c1e5db9c",
                    "android": {
                        "showAsFlag": 0
                    }
                },
                {
                    "id": "appmenuitemid3",
                    "title": "Item 3",
                    "icon": {
                        "default": "option3.png"
                    },
                    "kuid": "a8a086315df34591beaec1aff4de5b2d",
                    "android": {
                        "showAsFlag": 0
                    }
                },
                {
                    "id": "appmenuitemid4",
                    "title": "Item 4",
                    "icon": {
                        "default": "option4.png"
                    },
                    "kuid": "a247b3f5ce884cf79bf40d858a211198",
                    "android": {
                        "showAsFlag": 0
                    }
                }
            ]
        },
        "skin": null,
        "focusSkin": null,
        "focusskin": null,
        "osVersion": "iOS7",
        "osPlatform": ""
    }
}