<properties>
    <attributes name="appidkey" value="SampleSegScroll"/>
    <attributes name="mwaddrkey" value="10.20.3.87"/>
    <attributes name="iospopuptransitioncorrection" value="true"/>
    <attributes name="isNewAppWithRespectToAndroidPackageName" value="true"/>
    <attributes name="iphonebundleversionkey" value="1.0"/>
    <attributes name="iosrespectimagesizecorrection" value="true"/>
    <attributes name="ioscheckboxcorrection" value="true"/>
    <attributes name="apppackagekey" value="com.orgname.SampleSegScroll"/>
    <attributes name="winmangotiletitlekey" value="SampleSegScroll"/>
    <attributes name="andtargetsdkkey" value="4.0 (14)"/>
    <attributes name="win8displaynamekey" value="SampleSegScroll"/>
    <attributes name="android_allowselfsignedcertificates" value="None"/>
    <attributes name="iphonebundleidentifierkey" value="com.kony.SampleSegScroll"/>
    <attributes name="appnamekey" value="SampleSegScroll"/>
    <attributes name="currentgaversion" value="8.1.16.v201804031743"/>
    <attributes name="appversionkey" value="1.0.0"/>
    <attributes name="project.type" value="js"/>
    <attributes name="sessionmanager" value="Http Session Manager"/>
    <attributes name="vendornamekey" value="KonyLabs"/>
    <attributes name="appversioncode" value="1"/>
    <attributes name="createdgaversion" value="8.1.17"/>
    <attributes name="isDpScaleFactor" value="true"/>
    <attributes name="iostextboxpaddingcorrection" value="true"/>
    <attributes name="win6xj2meonlysupported" value="false"/>
    <attributes name="wp10displayname" value="SampleSegScroll"/>
    <attributes name="referenceWidth" value="375"/>
    <attributes name="build" value="debug"/>
    <attributes name="studiovizproject" value="true"/>
    <attributes name="marginsincludedinwidgetcontainerweight" value="true"/>
    <attributes name="mwportkey" value="80"/>
    <attributes name="mwhttpsportkey" value="443"/>
    <attributes name="APPLICATION_THEME" value="default"/>
    <attributes name="SELECTED_THEME" value="default"/>
    <attributes name="lastmodifiedtime" value="0"/>
    <attributes name="Server side mobile web" value="false"/>
</properties>