{
    "DNDConfig": null,
    "_height_": {
        "type": "string",
        "value": "50dp"
    },
    "_margin_": [
        0,
        0,
        0,
        0
    ],
    "_orientation_": 6,
    "_padding_": [
        0,
        0,
        0,
        0
    ],
    "_percent_": true,
    "_skin_": "s6412673d4bf4045ad6df99d861323c6",
    "allboxes": [],
    "autogrowmode": 0,
    "canUpdateUI": true,
    "children": [
        "lblScroll"
    ],
    "clipbounds": true,
    "containerId": true,
    "containerweight": 100,
    "enablescrolling": true,
    "id": "flxScrollTemplate",
    "info": null,
    "iscustomlayout": false,
    "isvisible": true,
    "kuid": "a2577e486e53436ab1f7f8f9e1ab5c10",
    "layouttype": 2,
    "name": "kony.ui.FlexContainer",
    "parent": "segScrollTemplate",
    "pf": "segScrollTemplate",
    "retaincontentalignment": false,
    "retainflexpositionproperties": false,
    "snapgridsize": 10,
    "snaptogrid": true,
    "wType": "FlexContainer",
    "widgetalignment": 1
}