{
    "@class": "com.kony.gen.viz.model.component.KVizButton",
    "DNDConfig": null,
    "__parentReadjusting__": false,
    "_height_": {
        "type": "string",
        "value": "50dp"
    },
    "_left_": {
        "type": "string",
        "value": "67dp"
    },
    "_margin_": [
        6,
        6,
        6,
        6
    ],
    "_padding_": [
        0,
        0,
        0,
        0
    ],
    "_skin_": "s85e0629214941e283d270257c778f3b",
    "_text_": "SCROLL",
    "_top_": {
        "type": "string",
        "value": "626dp"
    },
    "_width_": {
        "type": "string",
        "value": "260dp"
    },
    "canUpdateUI": true,
    "containerweight": 100,
    "contentalignment": 5,
    "displaytext": true,
    "focusskin": "sa781b677b12432f98f0a8bc27e2806a",
    "id": "btnScroll",
    "info": null,
    "iscustomlayout": false,
    "isvisible": true,
    "kuid": "ja3850df6eac4e26b12483f63af7157c",
    "name": "kony.ui.Button",
    "parent": "frmSegScroll",
    "pf": "frmSegScroll",
    "retaincontentalignment": false,
    "retainflexpositionproperties": false,
    "wType": "Button",
    "zindex": 1
}