{
    "DNDConfig": null,
    "__parentReadjusting__": false,
    "_height_": {
        "type": "string",
        "value": "50%"
    },
    "_left_": {
        "type": "string",
        "value": "0%"
    },
    "_margin_": [
        0,
        0,
        0,
        0
    ],
    "_orientation_": 6,
    "_padding_": [
        0,
        0,
        0,
        0
    ],
    "_percent_": true,
    "_skin_": "s317bcdf606a488ba0e501a2f0e851f9",
    "_top_": {
        "type": "string",
        "value": "25%"
    },
    "_width_": {
        "type": "string",
        "value": "100%"
    },
    "allboxes": [],
    "allowhorizontalbounce": false,
    "allowverticalbounce": true,
    "bounces": true,
    "canUpdateUI": true,
    "children": [
        "segScroll"
    ],
    "clipbounds": true,
    "containerweight": 100,
    "contentoffset": {
        "x": "10dp",
        "y": "22dp"
    },
    "decelerat": false,
    "dragg": false,
    "enablescrolling": true,
    "horizontalscrollindicator": true,
    "id": "flxSegScroll",
    "info": null,
    "iscustomlayout": false,
    "isvisible": true,
    "kuid": "b362fef1cac24fa7b4d280d9ec34ca3f",
    "layouttype": 4,
    "name": "kony.ui.FlexScrollContainer",
    "pagingenabled": false,
    "parent": "frmSegScroll",
    "pf": "frmSegScroll",
    "retaincontentalignment": false,
    "retainflexpositionproperties": false,
    "scrolldirection": 2,
    "snapgridsize": 10,
    "snaptogrid": true,
    "track": false,
    "verticalscrollindicator": true,
    "vizProps": {},
    "wType": "FlexScrollContainer",
    "widgetalignment": 1,
    "zindex": 1
}