{
    "@class": "com.kony.gen.viz.model.container.KVizSegment2",
    "DNDConfig": null,
    "__parentReadjusting__": false,
    "_data_": [
        {
            "lblScroll": {
                "@class": "com.viz.ide.model.segment.SimpleTextSegmentData",
                "text": "Label"
            }
        },
        {
            "lblScroll": {
                "@class": "com.viz.ide.model.segment.SimpleTextSegmentData",
                "text": "Label"
            }
        },
        {
            "lblScroll": {
                "@class": "com.viz.ide.model.segment.SimpleTextSegmentData",
                "text": "Label"
            }
        }
    ],
    "_height_": {
        "type": "ref",
        "value": "preferred"
    },
    "_indicator_": "none",
    "_left_": {
        "type": "string",
        "value": "0%"
    },
    "_margin_": [
        0,
        0,
        0,
        0
    ],
    "_orientation_": 2,
    "_padding_": [
        0,
        0,
        0,
        0
    ],
    "_top_": {
        "type": "string",
        "value": "0%"
    },
    "_width_": {
        "type": "string",
        "value": "100%"
    },
    "autogrowmode": 1,
    "canUpdateUI": true,
    "containerweight": 100,
    "counter": "02",
    "focusedindex": null,
    "focuseditem": null,
    "generatedtemplate": "b3483a42a5ab4e469063b3eebd465bc3",
    "groupcells": false,
    "hasSections": false,
    "id": "segScroll",
    "info": null,
    "ipad": {
        "psp": {
            "indicator": "rowselect"
        }
    },
    "iphone": {
        "psp": {
            "indicator": "rowselect"
        }
    },
    "iscustomlayout": false,
    "isvisible": true,
    "kuid": "j7c46c1294424ba1a62300bc92080703",
    "masterdata": {},
    "name": "kony.ui.SegmentedUI2",
    "needpageindicator": true,
    "pageoffdotimage": "pageoffdot.png",
    "pageondotimage": "pageondot.png",
    "paginationconfig": {
        "position": "bottom"
    },
    "parent": "flxSegScroll",
    "pf": "frmSegScroll",
    "retaincontentalignment": false,
    "retainflexpositionproperties": false,
    "retainselection": false,
    "rowTemplateId": "g304b74ccaa34a0da968b2a3688ed02c",
    "rowcounter": 2,
    "rowfocusskin": "sd1be42ab18f487a981a64d5b75a2ce8",
    "rowskin": "sc8bc6aac73545728f62329f33ca11ef",
    "rowtemplate": "flxScrollTemplate",
    "screenlevelwidget": false,
    "seccounter": 0,
    "sectionheaderskin": "sca70d68d6b44ee790801f84c7e7bd92",
    "selectedRows": null,
    "selectedState": false,
    "selectedindex": null,
    "selectedindices": null,
    "selecteditems": null,
    "selectedsectionindex": 0,
    "selectionbehavior": "default",
    "separatorcolor": "aaaaaa00",
    "separatorrequired": true,
    "separatorthickness": 1,
    "showscrollbars": false,
    "viewtype": "tableview",
    "wType": "Segment",
    "widgetalignment": 5,
    "widgetdatamap": {
        "flxScrollTemplate": "flxScrollTemplate",
        "lblScroll": "lblScroll"
    },
    "zindex": 1
}